property_id,legacy_code,display_name,record_type,status,parent_property_id,project_legacy_code,unit_reference_hint,building_portal,floor_label,floor_level,building_door,updated_at,created_at
a38c571b-bbae-4339-bf4f-7481c4e86a5e,1747,Casas adosadas en Mijas Costa,project,available,,1747,,,,,,2026-02-19T12:32:12.904035+00:00,2026-02-18T11:45:12.972045+00:00
3af3ed33-f96a-4196-8e1c-33050af9ffb7,2019,Chalet de lujo con vistas al mar en La Cala de Mijas,single,available,,,,,,,,2026-02-19T09:08:52.719476+00:00,2026-02-18T11:45:27.848177+00:00
36e6172c-5b57-4773-871d-d563945d1408,PM0011,Calahonda Sunset: obra nueva en Mijas,project,available,,PM0011,,,,,,2026-02-19T12:32:13.154376+00:00,2026-02-18T11:45:27.848177+00:00
84609003-8db0-4908-8cb3-f8caf5945687,PM0011-B1P1_1A,Unidad B1 P1 1A en Calahonda Sunset,unit,sold,36e6172c-5b57-4773-871d-d563945d1408,PM0011,,,Planta 1,1,,2026-02-19T11:50:00.582738+00:00,2026-02-18T11:45:27.848177+00:00
aaa2dd02-2889-4f4e-a40e-87bef3d7c850,PM0011-B1P1_1B,Unidad B1 P1 1B en Calahonda Sunset,unit,sold,36e6172c-5b57-4773-871d-d563945d1408,PM0011,,,Planta 1,1,,2026-02-19T11:50:00.680234+00:00,2026-02-18T11:45:27.848177+00:00
eface280-5781-4c82-9b6d-f26a08dd256d,PM0011-B1P1_1C,Unidad B1 P1 1C en Calahonda Sunset,unit,sold,36e6172c-5b57-4773-871d-d563945d1408,PM0011,,,Planta 1,1,,2026-02-19T11:50:00.775703+00:00,2026-02-18T11:45:27.848177+00:00
241e410f-b3a3-48c9-b76e-e9e7e231474b,PM0011-B1P1_2A,Unidad B1 P1 2A en Calahonda Sunset,unit,sold,36e6172c-5b57-4773-871d-d563945d1408,PM0011,,,Planta 2,2,,2026-02-19T11:50:00.919834+00:00,2026-02-18T11:45:27.848177+00:00
fa2d2264-b53e-4548-9a85-2d0b87cee6b4,PM0011-B1P1_2B,Unidad B1 P1 2B en Calahonda Sunset,unit,sold,36e6172c-5b57-4773-871d-d563945d1408,PM0011,,,Planta 2,2,,2026-02-19T11:50:01.030472+00:00,2026-02-18T11:45:27.848177+00:00
5fa5de99-914e-4b95-9443-bc5460dc40f7,PM0011-B1P1_2C,Unidad B1 P1 2C en Calahonda Sunset,unit,sold,36e6172c-5b57-4773-871d-d563945d1408,PM0011,,,Planta 2,2,,2026-02-19T11:50:01.13451+00:00,2026-02-18T11:45:27.848177+00:00
97376334-1ca8-4cf1-a18c-ed0cf2cf1b0c,PM0011-B1P1_ATA,Unidad B1 P1 ATA en Calahonda Sunset,unit,sold,36e6172c-5b57-4773-871d-d563945d1408,PM0011,,,Atico,3,,2026-02-19T11:50:01.240957+00:00,2026-02-18T11:45:27.848177+00:00
d8d7b0b7-35c5-4194-98f6-38f3855c9583,PM0011-B1P1_BA,Unidad B1 P1 BA en Calahonda Sunset,unit,sold,36e6172c-5b57-4773-871d-d563945d1408,PM0011,,,Planta baja,0,,2026-02-19T11:50:01.355493+00:00,2026-02-18T11:45:27.848177+00:00
ef4d6682-76fe-4345-bb8e-a97f6e8b999b,PM0011-B1P1_BB,Unidad B1 P1 BB en Calahonda Sunset,unit,sold,36e6172c-5b57-4773-871d-d563945d1408,PM0011,,,Planta baja,0,,2026-02-19T11:50:01.457039+00:00,2026-02-18T11:45:27.848177+00:00
25d0aaf7-3232-48ed-904c-6ad389c3bdb7,PM0011-B1P1_BC,Unidad B1 P1 BC en Calahonda Sunset,unit,sold,36e6172c-5b57-4773-871d-d563945d1408,PM0011,,,Planta baja,0,,2026-02-19T11:50:01.566957+00:00,2026-02-18T11:45:27.848177+00:00
ddd771b8-a14f-4cc6-87f0-e62a32b28af1,PM0011-B1P2_1A,Unidad B1 P2 1A en Calahonda Sunset,unit,sold,36e6172c-5b57-4773-871d-d563945d1408,PM0011,,,Planta 1,1,,2026-02-19T11:50:01.656906+00:00,2026-02-18T11:45:27.848177+00:00
238d1293-996f-4fdf-b909-f7a8ce15fbab,PM0011-B1P2_1B,Unidad B1 P2 1B en Calahonda Sunset,unit,sold,36e6172c-5b57-4773-871d-d563945d1408,PM0011,,,Planta 1,1,,2026-02-19T11:50:01.754729+00:00,2026-02-18T11:45:27.848177+00:00
2fa4c816-b07f-4005-ac72-4fc7ba34a62b,PM0011-B1P2_1C,Unidad B1 P2 1C en Calahonda Sunset,unit,sold,36e6172c-5b57-4773-871d-d563945d1408,PM0011,,,Planta 1,1,,2026-02-19T11:50:01.844773+00:00,2026-02-18T11:45:27.848177+00:00
0c9f37e8-6036-4370-8995-ee04dfe70318,PM0011-B1P2_2A,Unidad B1 P2 2A en Calahonda Sunset,unit,sold,36e6172c-5b57-4773-871d-d563945d1408,PM0011,,,Planta 2,2,,2026-02-19T11:50:01.973401+00:00,2026-02-18T11:45:27.848177+00:00
34ce67ad-e37a-4212-9e2d-840270358b6e,PM0011-B1P2_2B,Unidad B1 P2 2B en Calahonda Sunset,unit,sold,36e6172c-5b57-4773-871d-d563945d1408,PM0011,,,Planta 2,2,,2026-02-19T11:50:02.084619+00:00,2026-02-18T11:45:27.848177+00:00
ca4990ea-81aa-4b16-b056-9771a10c9480,PM0011-B1P2_2C,Unidad B1 P2 2C en Calahonda Sunset,unit,sold,36e6172c-5b57-4773-871d-d563945d1408,PM0011,,,Planta 2,2,,2026-02-19T11:50:02.185884+00:00,2026-02-18T11:45:27.848177+00:00
95c9f241-cc51-4007-9dc9-b0d92e638e33,PM0011-B1P2_ATA,Unidad B1 P2 ATA en Calahonda Sunset,unit,sold,36e6172c-5b57-4773-871d-d563945d1408,PM0011,,,Atico,3,,2026-02-19T11:50:02.305493+00:00,2026-02-18T11:45:27.848177+00:00
63bc9d41-637d-482e-8b22-784536ea9a29,PM0011-B1P2_ATB,Unidad B1 P2 ATB en Calahonda Sunset,unit,sold,36e6172c-5b57-4773-871d-d563945d1408,PM0011,,,Atico,3,,2026-02-19T11:50:02.394732+00:00,2026-02-18T11:45:27.848177+00:00
9f61c2c1-dc4f-459a-8d86-ec8a68fc695d,PM0011-B1P2_BA,Unidad B1 P2 BA en Calahonda Sunset,unit,sold,36e6172c-5b57-4773-871d-d563945d1408,PM0011,,,Planta baja,0,,2026-02-19T11:50:02.684668+00:00,2026-02-18T11:45:27.848177+00:00
5c731f11-d9e6-48e6-8c67-94b6a40275c8,PM0011-B1P2_BB,Unidad B1 P2 BB en Calahonda Sunset,unit,sold,36e6172c-5b57-4773-871d-d563945d1408,PM0011,,,Planta baja,0,,2026-02-19T11:50:02.860095+00:00,2026-02-18T11:45:27.848177+00:00
dfd27133-87c5-42ec-800f-4a15cc731d10,PM0011-B1P2_BC,Unidad B1 P2 BC en Calahonda Sunset,unit,sold,36e6172c-5b57-4773-871d-d563945d1408,PM0011,,,Planta baja,0,,2026-02-19T11:50:02.944076+00:00,2026-02-18T11:45:27.848177+00:00
01b1c74e-27a2-4cf1-8726-f0f319469a6b,PM0011-B1P3_1A,Unidad B1 P3 1A en Calahonda Sunset,unit,sold,36e6172c-5b57-4773-871d-d563945d1408,PM0011,,,Planta 1,1,,2026-02-19T11:50:03.031687+00:00,2026-02-18T11:45:27.848177+00:00
3f6e87c8-d654-4b91-9560-7a9dd522070e,PM0011-B1P3_1B,Unidad B1 P3 1B en Calahonda Sunset,unit,sold,36e6172c-5b57-4773-871d-d563945d1408,PM0011,,,Planta 1,1,,2026-02-19T11:50:03.116786+00:00,2026-02-18T11:45:27.848177+00:00
848b5bf0-f4ff-41c0-955a-143783d719fb,PM0011-B1P3_1C,Unidad B1 P3 1C en Calahonda Sunset,unit,sold,36e6172c-5b57-4773-871d-d563945d1408,PM0011,,,Planta 1,1,,2026-02-19T11:50:03.214838+00:00,2026-02-18T11:45:27.848177+00:00
5641f8eb-e7ee-4bd8-b484-4f1ea126f65d,PM0011-B1P3_2A,Unidad B1 P3 2A en Calahonda Sunset,unit,sold,36e6172c-5b57-4773-871d-d563945d1408,PM0011,,,Planta 2,2,,2026-02-19T11:50:03.294082+00:00,2026-02-18T11:45:27.848177+00:00
ac6c593b-32d0-42cb-bf88-37ad447e4d3a,PM0011-B1P3_2B,Unidad B1 P3 2B en Calahonda Sunset,unit,sold,36e6172c-5b57-4773-871d-d563945d1408,PM0011,,,Planta 2,2,,2026-02-19T11:50:03.38526+00:00,2026-02-18T11:45:27.848177+00:00
c8c2069d-9f1a-4f97-ad5f-20a388a6aeb7,PM0011-B1P3_2C,Unidad B1 P3 2C en Calahonda Sunset,unit,sold,36e6172c-5b57-4773-871d-d563945d1408,PM0011,,,Planta 2,2,,2026-02-19T11:50:03.477263+00:00,2026-02-18T11:45:27.848177+00:00
62d85d3d-c4e9-4712-8453-6ce150099329,PM0011-B1P3_ATA,Unidad B1 P3 ATA en Calahonda Sunset,unit,sold,36e6172c-5b57-4773-871d-d563945d1408,PM0011,,,Atico,3,,2026-02-19T11:50:03.576798+00:00,2026-02-18T11:45:27.848177+00:00
f4c8f019-6f5c-467e-810f-fd70ea98c523,PM0011-B1P3_BA,Unidad B1 P3 BA en Calahonda Sunset,unit,sold,36e6172c-5b57-4773-871d-d563945d1408,PM0011,,,Planta baja,0,,2026-02-19T11:50:03.66386+00:00,2026-02-18T11:45:27.848177+00:00
311f2887-19db-4e41-a36f-7422456be4e0,PM0011-B1P3_BB,Unidad B1 P3 BB en Calahonda Sunset,unit,sold,36e6172c-5b57-4773-871d-d563945d1408,PM0011,,,Planta baja,0,,2026-02-19T11:50:03.753356+00:00,2026-02-18T11:45:27.848177+00:00
70fc8708-ccd1-4542-9d76-f5b3df49ebcc,PM0011-B1P3_BC,Unidad B1 P3 BC en Calahonda Sunset,unit,sold,36e6172c-5b57-4773-871d-d563945d1408,PM0011,,,Planta baja,0,,2026-02-19T11:50:03.837351+00:00,2026-02-18T11:45:27.848177+00:00
36f0f77e-18b4-41d8-873a-9421584f18db,PM0011-B2P1_1A,Unidad B2 P1 1A en Calahonda Sunset,unit,sold,36e6172c-5b57-4773-871d-d563945d1408,PM0011,,,Planta 1,1,,2026-02-19T11:50:03.934158+00:00,2026-02-18T11:45:27.848177+00:00
8bf86a49-ee1a-4aec-a124-179c7e52c956,PM0011-B2P1_1B,Unidad B2 P1 1B en Calahonda Sunset,unit,sold,36e6172c-5b57-4773-871d-d563945d1408,PM0011,,,Planta 1,1,,2026-02-19T11:50:04.015707+00:00,2026-02-18T11:45:27.848177+00:00
d514e152-b7c5-4a06-ae80-bef68791a665,PM0011-B2P1_1C,Unidad B2 P1 1C en Calahonda Sunset,unit,sold,36e6172c-5b57-4773-871d-d563945d1408,PM0011,,,Planta 1,1,,2026-02-19T11:50:04.129284+00:00,2026-02-18T11:45:27.848177+00:00
1314a4dd-7117-40dc-a59c-5c98fcd302ef,PM0011-B2P1_2A,Unidad B2 P1 2A en Calahonda Sunset,unit,sold,36e6172c-5b57-4773-871d-d563945d1408,PM0011,,,Planta 2,2,,2026-02-19T11:50:04.221135+00:00,2026-02-18T11:45:27.848177+00:00
4d176aab-7fec-4705-b5ea-39fdacd84099,PM0011-B2P1_2B,Unidad B2 P1 2B en Calahonda Sunset,unit,sold,36e6172c-5b57-4773-871d-d563945d1408,PM0011,,,Planta 2,2,,2026-02-19T11:50:04.315183+00:00,2026-02-18T11:45:27.848177+00:00
94b70df8-7b3d-47d1-a439-39341b0d578c,PM0011-B2P1_2C,Unidad B2 P1 2C en Calahonda Sunset,unit,sold,36e6172c-5b57-4773-871d-d563945d1408,PM0011,,,Planta 2,2,,2026-02-19T11:50:04.414294+00:00,2026-02-18T11:45:27.848177+00:00
29f9011e-89c1-4722-9c03-28375491fc30,PM0011-B2P1_ATA,Unidad B2 P1 ATA en Calahonda Sunset,unit,sold,36e6172c-5b57-4773-871d-d563945d1408,PM0011,,,Atico,3,,2026-02-19T11:50:04.507726+00:00,2026-02-18T11:45:27.848177+00:00
3bf616d7-a054-472c-a6e2-5bf368c66e26,PM0011-B2P1_BA,Unidad B2 P1 BA en Calahonda Sunset,unit,sold,36e6172c-5b57-4773-871d-d563945d1408,PM0011,,,Planta baja,0,,2026-02-19T11:50:04.586651+00:00,2026-02-18T11:45:27.848177+00:00
d584a33b-b0a6-49a2-b924-834ab78b708f,PM0011-B2P1_BB,Unidad B2 P1 BB en Calahonda Sunset,unit,sold,36e6172c-5b57-4773-871d-d563945d1408,PM0011,,,Planta baja,0,,2026-02-19T11:50:04.687015+00:00,2026-02-18T11:45:27.848177+00:00
331594c9-f201-43e3-81bc-264f61f7d8a6,PM0011-B2P1_BC,Unidad B2 P1 BC en Calahonda Sunset,unit,sold,36e6172c-5b57-4773-871d-d563945d1408,PM0011,,,Planta baja,0,,2026-02-19T11:50:04.769542+00:00,2026-02-18T11:45:27.848177+00:00
13fa2e8e-3fe0-419b-b60b-f89f91a532c9,PM0011-B2P2_1A,Unidad B2 P2 1A en Calahonda Sunset,unit,sold,36e6172c-5b57-4773-871d-d563945d1408,PM0011,,,Planta 1,1,,2026-02-19T11:50:04.857802+00:00,2026-02-18T11:45:27.848177+00:00
69b6513a-6736-4f7c-9c34-157afaf1cf66,PM0011-B2P2_1B,Unidad B2 P2 1B en Calahonda Sunset,unit,sold,36e6172c-5b57-4773-871d-d563945d1408,PM0011,,,Planta 1,1,,2026-02-19T11:50:04.939529+00:00,2026-02-18T11:45:27.848177+00:00
7aad37d8-4e21-4aab-ba99-e0e6379fced9,PM0011-B2P2_1C,Unidad B2 P2 1C en Calahonda Sunset,unit,sold,36e6172c-5b57-4773-871d-d563945d1408,PM0011,,,Planta 1,1,,2026-02-19T11:50:05.026917+00:00,2026-02-18T11:45:27.848177+00:00
6c8b247a-4a98-4ef5-bca1-f374ab6cfb50,PM0011-B2P2_2A,Unidad B2 P2 2A en Calahonda Sunset,unit,sold,36e6172c-5b57-4773-871d-d563945d1408,PM0011,,,Planta 2,2,,2026-02-19T11:50:05.106354+00:00,2026-02-18T11:45:27.848177+00:00
6efd5ea1-98ac-4a95-80b9-84cd3ee1bfc4,PM0011-B2P2_2B,Unidad B2 P2 2B en Calahonda Sunset,unit,sold,36e6172c-5b57-4773-871d-d563945d1408,PM0011,,,Planta 2,2,,2026-02-19T11:50:05.207163+00:00,2026-02-18T11:45:27.848177+00:00
26cb8235-7c57-496b-95ac-ee6de124dab9,PM0011-B2P2_2C,Unidad B2 P2 2C en Calahonda Sunset,unit,sold,36e6172c-5b57-4773-871d-d563945d1408,PM0011,,,Planta 2,2,,2026-02-19T11:50:05.288373+00:00,2026-02-18T11:45:27.848177+00:00
bf31f133-ccdd-4c90-bf96-b957a99054e8,PM0011-B2P2_ATA,Unidad B2 P2 ATA en Calahonda Sunset,unit,sold,36e6172c-5b57-4773-871d-d563945d1408,PM0011,,,Atico,3,,2026-02-19T11:50:05.372507+00:00,2026-02-18T11:45:27.848177+00:00
1147ab27-a544-49b8-8a6f-f8801e90d5e4,PM0011-B2P2_ATB,Unidad B2 P2 ATB en Calahonda Sunset,unit,sold,36e6172c-5b57-4773-871d-d563945d1408,PM0011,,,Atico,3,,2026-02-19T11:50:05.452772+00:00,2026-02-18T11:45:27.848177+00:00
189981a9-a343-4fa0-aa0a-e8455c090704,PM0011-B2P2_BA,Unidad B2 P2 BA en Calahonda Sunset,unit,available,36e6172c-5b57-4773-871d-d563945d1408,PM0011,,,Planta baja,0,,2026-02-19T11:50:05.537825+00:00,2026-02-18T11:45:27.848177+00:00
5018bb66-e64f-4a8d-8c92-ab0b99531157,PM0011-B2P2_BB,Unidad B2 P2 BB en Calahonda Sunset,unit,sold,36e6172c-5b57-4773-871d-d563945d1408,PM0011,,,Planta baja,0,,2026-02-19T11:50:05.619523+00:00,2026-02-18T11:45:27.848177+00:00
4614df99-5c5d-4efe-b574-af02451054dd,PM0011-B2P2_BC,Unidad B2 P2 BC en Calahonda Sunset,unit,available,36e6172c-5b57-4773-871d-d563945d1408,PM0011,,,Planta baja,0,,2026-02-19T11:50:05.710094+00:00,2026-02-18T11:45:27.848177+00:00
35dc4f6b-61b7-47b2-b1e0-7ad843add57d,PM0011-B2P3_1A,Unidad B2 P3 1A en Calahonda Sunset,unit,sold,36e6172c-5b57-4773-871d-d563945d1408,PM0011,,,Planta 1,1,,2026-02-19T11:50:05.791334+00:00,2026-02-18T11:45:27.848177+00:00
c17eafda-5b60-4e1e-9ca4-0333a8018f5f,PM0011-B2P3_1B,Unidad B2 P3 1B en Calahonda Sunset,unit,sold,36e6172c-5b57-4773-871d-d563945d1408,PM0011,,,Planta 1,1,,2026-02-19T11:50:05.884013+00:00,2026-02-18T11:45:27.848177+00:00
33845e06-28a3-476d-b2a1-366a7e62c3c3,PM0011-B2P3_1C,Unidad B2 P3 1C en Calahonda Sunset,unit,sold,36e6172c-5b57-4773-871d-d563945d1408,PM0011,,,Planta 1,1,,2026-02-19T11:50:05.964654+00:00,2026-02-18T11:45:27.848177+00:00
5375cc59-5d0f-41e0-8952-f788e1505235,PM0011-B2P3_2A,Unidad B2 P3 2A en Calahonda Sunset,unit,sold,36e6172c-5b57-4773-871d-d563945d1408,PM0011,,,Planta 2,2,,2026-02-19T11:50:06.058523+00:00,2026-02-18T11:45:27.848177+00:00
58cad49e-8b12-4e6d-8888-b1144ec34150,PM0011-B2P3_2B,Unidad B2 P3 2B en Calahonda Sunset,unit,sold,36e6172c-5b57-4773-871d-d563945d1408,PM0011,,,Planta 2,2,,2026-02-19T11:50:06.138962+00:00,2026-02-18T11:45:27.848177+00:00
49afbe5b-31ca-4a58-945c-fdb08ca4ac9c,PM0011-B2P3_2C,Unidad B2 P3 2C en Calahonda Sunset,unit,sold,36e6172c-5b57-4773-871d-d563945d1408,PM0011,,,Planta 2,2,,2026-02-19T11:50:06.227406+00:00,2026-02-18T11:45:27.848177+00:00
b1a88c74-6dba-4957-a6bb-7807c7c3a94c,PM0011-B2P3_ATA,Unidad B2 P3 ATA en Calahonda Sunset,unit,sold,36e6172c-5b57-4773-871d-d563945d1408,PM0011,,,Atico,3,,2026-02-19T11:50:06.313476+00:00,2026-02-18T11:45:27.848177+00:00
90904055-69f1-4593-95dd-838b9ed4480e,PM0011-B2P3_BA,Unidad B2 P3 BA en Calahonda Sunset,unit,available,36e6172c-5b57-4773-871d-d563945d1408,PM0011,,,Planta baja,0,,2026-02-19T11:50:06.413469+00:00,2026-02-18T11:45:27.848177+00:00
ac432c33-489e-4629-a711-0cbb3a391c54,PM0011-B2P3_BB,Unidad B2 P3 BB en Calahonda Sunset,unit,sold,36e6172c-5b57-4773-871d-d563945d1408,PM0011,,,Planta baja,0,,2026-02-19T11:50:06.498495+00:00,2026-02-18T11:45:27.848177+00:00
ccbb5f5d-74cc-424d-802e-91085c92bf2e,PM0011-B2P3_BC,Unidad B2 P3 BC en Calahonda Sunset,unit,available,36e6172c-5b57-4773-871d-d563945d1408,PM0011,,,Planta baja,0,,2026-02-19T11:50:06.587798+00:00,2026-02-18T11:45:27.848177+00:00
e07a19a8-5b58-47fc-8ab2-5e49f6fa761a,PM0011-B3P1_1A,Unidad B3 P1 1A en Calahonda Sunset,unit,sold,36e6172c-5b57-4773-871d-d563945d1408,PM0011,,,Planta 1,1,,2026-02-19T11:50:06.667406+00:00,2026-02-18T11:45:27.848177+00:00
bce45344-c2e5-4c87-b412-39596769cf3a,PM0011-B3P1_1B,Unidad B3 P1 1B en Calahonda Sunset,unit,sold,36e6172c-5b57-4773-871d-d563945d1408,PM0011,,,Planta 1,1,,2026-02-19T11:50:06.751246+00:00,2026-02-18T11:45:27.848177+00:00
b4c5b299-353d-40f7-9370-43587ec51bb9,PM0011-B3P1_1C,Unidad B3 P1 1C en Calahonda Sunset,unit,sold,36e6172c-5b57-4773-871d-d563945d1408,PM0011,,,Planta 1,1,,2026-02-19T11:50:06.839231+00:00,2026-02-18T11:45:27.848177+00:00
1203d3d3-3bd0-4843-a42b-d9d8892d1013,PM0011-B3P1_2A,Unidad B3 P1 2A en Calahonda Sunset,unit,sold,36e6172c-5b57-4773-871d-d563945d1408,PM0011,,,Planta 2,2,,2026-02-19T11:50:06.927029+00:00,2026-02-18T11:45:27.848177+00:00
8c68a539-1fbd-4627-8f04-d5d2f23c56ec,PM0011-B3P1_2B,Unidad B3 P1 2B en Calahonda Sunset,unit,sold,36e6172c-5b57-4773-871d-d563945d1408,PM0011,,,Planta 2,2,,2026-02-19T11:50:07.006052+00:00,2026-02-18T11:45:27.848177+00:00
b5d147a3-a5a6-4d07-b799-e986800e9e8a,PM0011-B3P1_2C,Unidad B3 P1 2C en Calahonda Sunset,unit,sold,36e6172c-5b57-4773-871d-d563945d1408,PM0011,,,Planta 2,2,,2026-02-19T11:50:07.092265+00:00,2026-02-18T11:45:27.848177+00:00
69cf927c-a281-4353-b7a9-6bf412367878,PM0011-B3P1_ATA,Unidad B3 P1 ATA en Calahonda Sunset,unit,sold,36e6172c-5b57-4773-871d-d563945d1408,PM0011,,,Atico,3,,2026-02-19T11:50:07.175821+00:00,2026-02-18T11:45:27.848177+00:00
1257c8eb-dada-4cf2-bca1-280960db6129,PM0011-B3P1_BA,Unidad B3 P1 BA en Calahonda Sunset,unit,sold,36e6172c-5b57-4773-871d-d563945d1408,PM0011,,,Planta baja,0,,2026-02-19T11:50:07.263856+00:00,2026-02-18T11:45:27.848177+00:00
a3998af2-1a8b-4994-89dd-246846ae1aff,PM0011-B3P1_BB,Unidad B3 P1 BB en Calahonda Sunset,unit,sold,36e6172c-5b57-4773-871d-d563945d1408,PM0011,,,Planta baja,0,,2026-02-19T11:50:07.349293+00:00,2026-02-18T11:45:27.848177+00:00
6527f0ae-68b1-4ab9-a61a-8fcf8bc7f297,PM0011-B3P1_BC,Unidad B3 P1 BC en Calahonda Sunset,unit,available,36e6172c-5b57-4773-871d-d563945d1408,PM0011,,,Planta baja,0,,2026-02-19T11:50:07.439677+00:00,2026-02-18T11:45:27.848177+00:00
a94fd78f-949f-4853-80d1-42827a9639c1,PM0011-B3P2_1A,Unidad B3 P2 1A en Calahonda Sunset,unit,sold,36e6172c-5b57-4773-871d-d563945d1408,PM0011,,,Planta 1,1,,2026-02-19T11:50:07.523185+00:00,2026-02-18T11:45:27.848177+00:00
8bf92438-491f-4ee6-9732-ea3d287aaa94,PM0011-B3P2_1B,Unidad B3 P2 1B en Calahonda Sunset,unit,sold,36e6172c-5b57-4773-871d-d563945d1408,PM0011,,,Planta 1,1,,2026-02-19T11:50:07.610721+00:00,2026-02-18T11:45:27.848177+00:00
5a762033-f174-43b1-93d8-063f0a325114,PM0011-B3P2_1C,Unidad B3 P2 1C en Calahonda Sunset,unit,sold,36e6172c-5b57-4773-871d-d563945d1408,PM0011,,,Planta 1,1,,2026-02-19T11:50:07.699825+00:00,2026-02-18T11:45:27.848177+00:00
918e5868-641f-4173-93ed-bfacdf42d5fd,PM0011-B3P2_2A,Unidad B3 P2 2A en Calahonda Sunset,unit,sold,36e6172c-5b57-4773-871d-d563945d1408,PM0011,,,Planta 2,2,,2026-02-19T11:50:07.786703+00:00,2026-02-18T11:45:27.848177+00:00
c4e29982-3e42-44fd-8e9c-a9f622da6b74,PM0011-B3P2_2B,Unidad B3 P2 2B en Calahonda Sunset,unit,sold,36e6172c-5b57-4773-871d-d563945d1408,PM0011,,,Planta 2,2,,2026-02-19T11:50:07.876899+00:00,2026-02-18T11:45:27.848177+00:00
9bf95631-c7c2-4d68-a59d-b5f0c0c0292e,PM0011-B3P2_2C,Unidad B3 P2 2C en Calahonda Sunset,unit,available,36e6172c-5b57-4773-871d-d563945d1408,PM0011,,,Planta 2,2,,2026-02-19T11:50:07.966944+00:00,2026-02-18T11:45:27.848177+00:00
5f6a3708-28fa-4bc6-94ca-9b264829f97b,PM0011-B3P2_ATA,Unidad B3 P2 ATA en Calahonda Sunset,unit,sold,36e6172c-5b57-4773-871d-d563945d1408,PM0011,,,Atico,3,,2026-02-19T11:50:08.043131+00:00,2026-02-18T11:45:27.848177+00:00
7442123f-0ace-4252-9977-33e70a0571ec,PM0011-B3P2_ATB,Unidad B3 P2 ATB en Calahonda Sunset,unit,sold,36e6172c-5b57-4773-871d-d563945d1408,PM0011,,,Atico,3,,2026-02-19T11:50:08.128827+00:00,2026-02-18T11:45:27.848177+00:00
f37cbe6e-06e3-40ad-99f9-42b411e743bd,PM0011-B3P2_BA,Unidad B3 P2 BA en Calahonda Sunset,unit,available,36e6172c-5b57-4773-871d-d563945d1408,PM0011,,,Planta baja,0,,2026-02-19T11:50:08.230037+00:00,2026-02-18T11:45:27.848177+00:00
efe97bb6-58e2-4598-b168-4122187996dd,PM0011-B3P2_BB,Unidad B3 P2 BB en Calahonda Sunset,unit,sold,36e6172c-5b57-4773-871d-d563945d1408,PM0011,,,Planta baja,0,,2026-02-19T11:50:08.319608+00:00,2026-02-18T11:45:27.848177+00:00
febb137e-9f07-4af8-8aee-532e3f3845d9,PM0011-B3P2_BC,Unidad B3 P2 BC en Calahonda Sunset,unit,available,36e6172c-5b57-4773-871d-d563945d1408,PM0011,,,Planta baja,0,,2026-02-19T11:50:08.409106+00:00,2026-02-18T11:45:27.848177+00:00
215d02ff-5197-4a8a-8efd-9c742865fa8d,PM0011-B3P3_1A,Unidad B3 P3 1A en Calahonda Sunset,unit,sold,36e6172c-5b57-4773-871d-d563945d1408,PM0011,,,Planta 1,1,,2026-02-19T11:50:08.499506+00:00,2026-02-18T11:45:27.848177+00:00
148e791e-266c-4b69-991c-daf3ed82194e,PM0011-B3P3_1B,Unidad B3 P3 1B en Calahonda Sunset,unit,sold,36e6172c-5b57-4773-871d-d563945d1408,PM0011,,,Planta 1,1,,2026-02-19T11:50:08.579856+00:00,2026-02-18T11:45:27.848177+00:00
fc71bc9c-ea8b-4120-b7cf-1955d4d71aa9,PM0011-B3P3_1C,Unidad B3 P3 1C en Calahonda Sunset,unit,sold,36e6172c-5b57-4773-871d-d563945d1408,PM0011,,,Planta 1,1,,2026-02-19T11:50:08.670604+00:00,2026-02-18T11:45:27.848177+00:00
154f106f-bbce-4047-bda5-5ca2dea0c0a0,PM0011-B3P3_2A,Unidad B3 P3 2A en Calahonda Sunset,unit,sold,36e6172c-5b57-4773-871d-d563945d1408,PM0011,,,Planta 2,2,,2026-02-19T11:50:08.746888+00:00,2026-02-18T11:45:27.848177+00:00
1f39a1c3-2900-4e75-817b-8d76deb6b8fc,PM0011-B3P3_2B,Unidad B3 P3 2B en Calahonda Sunset,unit,sold,36e6172c-5b57-4773-871d-d563945d1408,PM0011,,,Planta 2,2,,2026-02-19T11:50:08.832692+00:00,2026-02-18T11:45:27.848177+00:00
cb94d3de-6ed3-4ba6-b9bd-755ef3be71be,PM0011-B3P3_2C,Unidad B3 P3 2C en Calahonda Sunset,unit,sold,36e6172c-5b57-4773-871d-d563945d1408,PM0011,,,Planta 2,2,,2026-02-19T11:50:08.912526+00:00,2026-02-18T11:45:27.848177+00:00
475f2341-2556-4ba6-9899-089d8ef49f1f,PM0011-B3P3_ATA,Unidad B3 P3 ATA en Calahonda Sunset,unit,sold,36e6172c-5b57-4773-871d-d563945d1408,PM0011,,,Atico,3,,2026-02-19T11:50:09.008941+00:00,2026-02-18T11:45:27.848177+00:00
15172b9a-cdd6-41fe-acaa-d1ad8ea19e3b,PM0011-B3P3_BA,Unidad B3 P3 BA en Calahonda Sunset,unit,sold,36e6172c-5b57-4773-871d-d563945d1408,PM0011,,,Planta baja,0,,2026-02-19T11:50:09.109561+00:00,2026-02-18T11:45:27.848177+00:00
2112eb20-4f53-4e03-9e60-cf29bd9fd62c,PM0011-B3P3_BB,Unidad B3 P3 BB en Calahonda Sunset,unit,sold,36e6172c-5b57-4773-871d-d563945d1408,PM0011,,,Planta baja,0,,2026-02-19T11:50:09.202779+00:00,2026-02-18T11:45:27.848177+00:00
a577b208-8ed7-48f2-9770-26b3021092e4,PM0011-B3P3_BC,Unidad B3 P3 BC en Calahonda Sunset,unit,sold,36e6172c-5b57-4773-871d-d563945d1408,PM0011,,,Planta baja,0,,2026-02-19T11:50:09.290837+00:00,2026-02-18T11:45:27.848177+00:00
bdbd3806-e217-4435-baa8-a315ba60dfda,PM00642,Luminal Home: obra nueva en Fuengirola - Torreblanca,project,available,,PM00642,,,,,,2026-02-19T12:46:48.085563+00:00,2026-02-19T12:45:41.762736+00:00
10e9056b-142a-4c28-87da-afba514266d6,PM00642-U1,Vivienda U1 en Luminal Home,unit,available,bdbd3806-e217-4435-baa8-a315ba60dfda,PM00642,,,"BL5, Planta1",1,,2026-02-19T12:48:14.094315+00:00,2026-02-19T12:45:41.762736+00:00
78a88d3d-0425-472b-9002-be5a94e7d210,PM00642-U2,Vivienda U2 en Luminal Home,unit,available,bdbd3806-e217-4435-baa8-a315ba60dfda,PM00642,,,"BL5, Planta1",1,,2026-02-19T12:48:14.280021+00:00,2026-02-19T12:45:41.762736+00:00
9546816a-6d1e-4c3b-9f9b-b7e295f7d2a1,PM00642-U3,Vivienda U3 en Luminal Home,unit,available,bdbd3806-e217-4435-baa8-a315ba60dfda,PM00642,,,"BL4, Planta2",2,,2026-02-19T12:48:14.36746+00:00,2026-02-19T12:45:41.762736+00:00
cb0123dc-8712-4cc8-93f0-563c44e20ef4,PM0074,Orion: obra nueva en Mijas,project,available,,PM0074,,,,,,2026-02-19T12:32:13.277217+00:00,2026-02-18T11:45:28.249854+00:00
da39f556-79fc-4a30-a0dc-5b12dd21ddc7,PM0074-01,Unidad 1 en Orion (Manilva),unit,available,cb0123dc-8712-4cc8-93f0-563c44e20ef4,PM0074,,,Planta baja,0,,2026-02-19T11:50:09.46624+00:00,2026-02-18T11:45:27.848177+00:00
66bcc66f-cf67-48a1-a55d-00bcfa09722d,PM0074-02,Unidad 2 en Orion (Manilva),unit,sold,cb0123dc-8712-4cc8-93f0-563c44e20ef4,PM0074,,,Planta baja,0,,2026-02-19T11:50:09.56649+00:00,2026-02-18T11:45:27.848177+00:00
670866ad-e7c4-4bc5-b61c-941cfc4c84dd,PM0074-03,Unidad 3 en Orion (Manilva),unit,sold,cb0123dc-8712-4cc8-93f0-563c44e20ef4,PM0074,,,Planta baja,0,,2026-02-19T11:50:09.81776+00:00,2026-02-18T11:45:27.848177+00:00
117bc482-727c-4b32-bf13-52684f6d60a8,PM0074-04,Unidad 4 en Orion (Manilva),unit,available,cb0123dc-8712-4cc8-93f0-563c44e20ef4,PM0074,,,Planta 1,1,,2026-02-19T11:50:09.911794+00:00,2026-02-18T11:45:27.848177+00:00
40ff2571-99f9-4894-a3f0-703b5b10f825,PM0074-05,Unidad 5 en Orion (Manilva),unit,sold,cb0123dc-8712-4cc8-93f0-563c44e20ef4,PM0074,,,Planta 1,1,,2026-02-19T11:50:10.002516+00:00,2026-02-18T11:45:28.249854+00:00
53eaa62a-29c6-458e-ad6f-9f9bf8d149d7,PM0074-06,Unidad 6 en Orion (Manilva),unit,sold,cb0123dc-8712-4cc8-93f0-563c44e20ef4,PM0074,,,Planta 1,1,,2026-02-19T11:50:10.093395+00:00,2026-02-18T11:45:28.249854+00:00
2a485d6d-f858-4d02-b80a-6a152fa7518c,PM0074-07,Unidad 7 en Orion (Manilva),unit,sold,cb0123dc-8712-4cc8-93f0-563c44e20ef4,PM0074,,,Planta 2,2,,2026-02-19T11:50:10.188845+00:00,2026-02-18T11:45:28.249854+00:00
ccfe328a-e205-409d-b8dd-b4506475887f,PM0074-08,Unidad 8 en Orion (Manilva),unit,available,cb0123dc-8712-4cc8-93f0-563c44e20ef4,PM0074,,,Planta 2,2,,2026-02-19T11:50:10.277836+00:00,2026-02-18T11:45:28.249854+00:00
c63cced9-4cce-4a51-bfff-252833392d40,PM0074-09,Unidad 9 en Orion (Manilva),unit,sold,cb0123dc-8712-4cc8-93f0-563c44e20ef4,PM0074,,,Planta 2,2,,2026-02-19T11:50:10.371268+00:00,2026-02-18T11:45:28.249854+00:00
bec89baf-e867-4273-bfa6-3eaf975f52fa,PM0074-10,Unidad 10 en Orion (Manilva),unit,sold,cb0123dc-8712-4cc8-93f0-563c44e20ef4,PM0074,,,Planta 3,3,,2026-02-19T11:50:10.458995+00:00,2026-02-18T11:45:28.249854+00:00
3fff2246-1c35-4b75-8303-7a85fdcde4a4,PM0074-11,Unidad 11 en Orion (Manilva),unit,sold,cb0123dc-8712-4cc8-93f0-563c44e20ef4,PM0074,,,Planta 3,3,,2026-02-19T11:50:10.548589+00:00,2026-02-18T11:45:28.249854+00:00
daa57755-27e3-40e4-b2ad-9c7d5a22a5e7,PM0074-12,Unidad 12 en Orion (Manilva),unit,sold,cb0123dc-8712-4cc8-93f0-563c44e20ef4,PM0074,,,Planta 3,3,,2026-02-19T11:50:10.637808+00:00,2026-02-18T11:45:28.249854+00:00
2f6e885f-711f-44af-ba8f-32de85e3ac9f,PM0074-13,Unidad 13 en Orion (Manilva),unit,sold,cb0123dc-8712-4cc8-93f0-563c44e20ef4,PM0074,,,Planta 4,4,,2026-02-19T11:50:10.725139+00:00,2026-02-18T11:45:28.249854+00:00
bd16090c-32a9-45bc-9340-1901079222a4,PM0074-14,Unidad 14 en Orion (Manilva),unit,available,cb0123dc-8712-4cc8-93f0-563c44e20ef4,PM0074,,,Planta 4,4,,2026-02-19T11:50:10.819962+00:00,2026-02-18T11:45:28.249854+00:00
d0da6908-f680-4de4-be53-65dfaf153065,PM0074-15,Unidad 15 en Orion (Manilva),unit,available,cb0123dc-8712-4cc8-93f0-563c44e20ef4,PM0074,,,Planta 4,4,,2026-02-19T11:50:10.911123+00:00,2026-02-18T11:45:28.249854+00:00
bd79f636-d999-424c-b793-a69d8fbf4088,PM0074-16,Unidad 16 en Orion (Manilva),unit,sold,cb0123dc-8712-4cc8-93f0-563c44e20ef4,PM0074,,,Atico,5,,2026-02-19T11:50:10.99968+00:00,2026-02-18T11:45:28.249854+00:00
abaa0f64-bf0b-4d32-baeb-0818de0e88c5,PM0074-17,Unidad 17 en Orion (Manilva),unit,available,cb0123dc-8712-4cc8-93f0-563c44e20ef4,PM0074,,,Planta baja,0,,2026-02-19T11:50:11.081012+00:00,2026-02-18T11:45:28.249854+00:00
7beb00fb-bd1b-4109-b4e2-60a6ed0a7336,PM0074-18,Unidad 18 en Orion (Manilva),unit,available,cb0123dc-8712-4cc8-93f0-563c44e20ef4,PM0074,,,Planta baja,0,,2026-02-19T11:50:11.203629+00:00,2026-02-18T11:45:28.249854+00:00
d54e81d8-503a-46cb-a890-60fbaed5f969,PM0074-19,Unidad 19 en Orion (Manilva),unit,sold,cb0123dc-8712-4cc8-93f0-563c44e20ef4,PM0074,,,Planta 1,1,,2026-02-19T11:50:11.295209+00:00,2026-02-18T11:45:28.249854+00:00
76d2093f-4cb3-4bac-9d15-ee15de734ffd,PM0074-20,Unidad 20 en Orion (Manilva),unit,sold,cb0123dc-8712-4cc8-93f0-563c44e20ef4,PM0074,,,Planta 1,1,,2026-02-19T11:50:11.383442+00:00,2026-02-18T11:45:28.249854+00:00
f6629064-0ff1-48c2-849f-41019adca703,PM0074-21,Unidad 21 en Orion (Manilva),unit,sold,cb0123dc-8712-4cc8-93f0-563c44e20ef4,PM0074,,,Planta 1,1,,2026-02-19T11:50:11.515927+00:00,2026-02-18T11:45:28.249854+00:00
886c2511-3354-4080-8eda-e7d2a988ba4e,PM0074-22,Unidad 22 en Orion (Manilva),unit,sold,cb0123dc-8712-4cc8-93f0-563c44e20ef4,PM0074,,,Planta 2,2,,2026-02-19T11:50:11.613214+00:00,2026-02-18T11:45:28.249854+00:00
1db0e507-2409-4cdc-8aef-024adaeafd68,PM0074-23,Unidad 23 en Orion (Manilva),unit,sold,cb0123dc-8712-4cc8-93f0-563c44e20ef4,PM0074,,,Planta 2,2,,2026-02-19T11:50:11.725569+00:00,2026-02-18T11:45:28.249854+00:00
85187b39-1bee-4e7a-a980-39787dd96747,PM0074-24,Unidad 24 en Orion (Manilva),unit,available,cb0123dc-8712-4cc8-93f0-563c44e20ef4,PM0074,,,Planta 2,2,,2026-02-19T11:50:11.831441+00:00,2026-02-18T11:45:28.249854+00:00
2450b925-f0cf-4501-8c36-65990ecf4d1e,PM0074-25,Unidad 25 en Orion (Manilva),unit,sold,cb0123dc-8712-4cc8-93f0-563c44e20ef4,PM0074,,,Planta 3,3,,2026-02-19T11:50:11.919767+00:00,2026-02-18T11:45:28.249854+00:00
d59215fd-e863-45dd-a805-f99b61aa5dc2,PM0074-26,Unidad 26 en Orion (Manilva),unit,sold,cb0123dc-8712-4cc8-93f0-563c44e20ef4,PM0074,,,Planta 3,3,,2026-02-19T11:50:12.004558+00:00,2026-02-18T11:45:28.249854+00:00
d4cb4741-f1f0-4fdd-b373-c00bc9e0a15e,PM0074-27,Unidad 27 en Orion (Manilva),unit,available,cb0123dc-8712-4cc8-93f0-563c44e20ef4,PM0074,,,Planta 3,3,,2026-02-19T11:50:12.096737+00:00,2026-02-18T11:45:28.249854+00:00
dd1330a1-cb60-44a1-9543-a333e5d14d94,PM0074-28,Unidad 28 en Orion (Manilva),unit,sold,cb0123dc-8712-4cc8-93f0-563c44e20ef4,PM0074,,,Planta 4,4,,2026-02-19T11:50:12.182962+00:00,2026-02-18T11:45:28.249854+00:00
6b1f0901-4549-49da-8166-50109c6fb1fc,PM0074-29,Unidad 29 en Orion (Manilva),unit,sold,cb0123dc-8712-4cc8-93f0-563c44e20ef4,PM0074,,,Planta 4,4,,2026-02-19T11:50:12.261945+00:00,2026-02-18T11:45:28.249854+00:00
b535481e-4c97-49c6-8a82-af441ac8c6c2,PM0074-30,Unidad 30 en Orion (Manilva),unit,sold,cb0123dc-8712-4cc8-93f0-563c44e20ef4,PM0074,,,Planta 4,4,,2026-02-19T11:50:12.34882+00:00,2026-02-18T11:45:28.249854+00:00
868782d8-d3b6-4c75-8def-194b44b280a9,PM0074-31,Unidad 31 en Orion (Manilva),unit,available,cb0123dc-8712-4cc8-93f0-563c44e20ef4,PM0074,,,Atico,5,,2026-02-19T11:50:12.430941+00:00,2026-02-18T11:45:28.249854+00:00
ec1793c0-837f-4d63-a182-4303a44e75f8,PM0074-32,Unidad 32 en Orion (Manilva),unit,sold,cb0123dc-8712-4cc8-93f0-563c44e20ef4,PM0074,,,Atico,5,,2026-02-19T11:50:12.528434+00:00,2026-02-18T11:45:28.249854+00:00
d75e73ba-81b6-4f21-9f1b-019e56fab16c,PM0074-33,Unidad 33 en Orion (Manilva),unit,sold,cb0123dc-8712-4cc8-93f0-563c44e20ef4,PM0074,,,Planta baja,0,,2026-02-19T11:50:12.615022+00:00,2026-02-18T11:45:28.249854+00:00
f56534b6-5d21-4078-a751-1d0966b3b4de,PM0074-34,Unidad 34 en Orion (Manilva),unit,available,cb0123dc-8712-4cc8-93f0-563c44e20ef4,PM0074,,,Planta 1,1,,2026-02-19T11:50:12.710311+00:00,2026-02-18T11:45:28.249854+00:00
29b9f3e9-56a7-407e-bc64-138e3859f341,PM0074-35,Unidad 35 en Orion (Manilva),unit,sold,cb0123dc-8712-4cc8-93f0-563c44e20ef4,PM0074,,,Planta 1,1,,2026-02-19T11:50:12.790315+00:00,2026-02-18T11:45:28.249854+00:00
931ab08b-ae21-4e2a-bf5a-2fc0c680873b,PM0074-36,Unidad 36 en Orion (Manilva),unit,sold,cb0123dc-8712-4cc8-93f0-563c44e20ef4,PM0074,,,Planta 1,1,,2026-02-19T11:50:12.887392+00:00,2026-02-18T11:45:28.249854+00:00
7b23a40d-41e8-4cdc-bba6-de9fad73e68a,PM0074-37,Unidad 37 en Orion (Manilva),unit,sold,cb0123dc-8712-4cc8-93f0-563c44e20ef4,PM0074,,,Planta 2,2,,2026-02-19T11:50:12.966684+00:00,2026-02-18T11:45:28.249854+00:00
21e77025-f74a-4da7-97f9-6e6269a98dc9,PM0074-38,Unidad 38 en Orion (Manilva),unit,sold,cb0123dc-8712-4cc8-93f0-563c44e20ef4,PM0074,,,Planta 2,2,,2026-02-19T11:50:13.065574+00:00,2026-02-18T11:45:28.249854+00:00
ff01a839-0d96-444d-8ccd-5417e5fd7c95,PM0074-39,Unidad 39 en Orion (Manilva),unit,sold,cb0123dc-8712-4cc8-93f0-563c44e20ef4,PM0074,,,Planta 2,2,,2026-02-19T11:50:13.150995+00:00,2026-02-18T11:45:28.249854+00:00
a6f35f3f-ff5c-4048-879f-ac346feb742e,PM0074-40,Unidad 40 en Orion (Manilva),unit,available,cb0123dc-8712-4cc8-93f0-563c44e20ef4,PM0074,,,Planta 3,3,,2026-02-19T11:50:13.244936+00:00,2026-02-18T11:45:28.249854+00:00
0b9217de-4ba5-41aa-a963-9bad15d2ebb4,PM0074-41,Unidad 41 en Orion (Manilva),unit,sold,cb0123dc-8712-4cc8-93f0-563c44e20ef4,PM0074,,,Planta 3,3,,2026-02-19T11:50:13.328319+00:00,2026-02-18T11:45:28.249854+00:00
5ea95d22-1909-47e9-bbc5-5ec64eaa0f7a,PM0074-42,Unidad 42 en Orion (Manilva),unit,sold,cb0123dc-8712-4cc8-93f0-563c44e20ef4,PM0074,,,Planta 3,3,,2026-02-19T11:50:13.428627+00:00,2026-02-18T11:45:28.249854+00:00
04a5ce86-5371-475e-99c1-f913800260ff,PM0074-43,Unidad 43 en Orion (Manilva),unit,available,cb0123dc-8712-4cc8-93f0-563c44e20ef4,PM0074,,,Planta 4,4,,2026-02-19T11:50:13.510588+00:00,2026-02-18T11:45:28.249854+00:00
15cf3251-70fa-4c4a-bb65-b4342590c304,PM0074-44,Unidad 44 en Orion (Manilva),unit,available,cb0123dc-8712-4cc8-93f0-563c44e20ef4,PM0074,,,Planta 4,4,,2026-02-19T11:50:13.609849+00:00,2026-02-18T11:45:28.249854+00:00
b7b73ef8-bc2f-4eaa-b128-f45d0fd8f6b6,PM0074-45,Unidad 45 en Orion (Manilva),unit,sold,cb0123dc-8712-4cc8-93f0-563c44e20ef4,PM0074,,,Planta 4,4,,2026-02-19T11:50:13.691196+00:00,2026-02-18T11:45:28.249854+00:00
239c6729-ba12-4bad-814c-4a8031b1437f,PM0074-46,Unidad 46 en Orion (Manilva),unit,sold,cb0123dc-8712-4cc8-93f0-563c44e20ef4,PM0074,,,Atico,5,,2026-02-19T11:50:13.797493+00:00,2026-02-18T11:45:28.249854+00:00
2a898c8e-8018-4f5c-95d3-7011f81ada28,PM0079,Nylva Homes: obra nueva en Manilva,project,available,,PM0079,,,,,,2026-02-19T12:32:13.385172+00:00,2026-02-18T11:45:28.249854+00:00
65256aa3-2318-4387-be5a-2b7ee32cc7a3,PM0079-01,Unidad 1 en Nylva Homes (Manilva),unit,sold,2a898c8e-8018-4f5c-95d3-7011f81ada28,PM0079,,,Planta baja,0,,2026-02-19T11:50:14.006115+00:00,2026-02-18T11:45:28.249854+00:00
0b7f2ac4-690e-440e-b539-7e18afda04f8,PM0079-02,Unidad 2 en Nylva Homes (Manilva),unit,available,2a898c8e-8018-4f5c-95d3-7011f81ada28,PM0079,,,Planta baja,0,,2026-02-19T11:50:14.116385+00:00,2026-02-18T11:45:28.249854+00:00
10c9181b-71eb-474b-8bba-23758823a4a9,PM0079-03,Unidad 3 en Nylva Homes (Manilva),unit,sold,2a898c8e-8018-4f5c-95d3-7011f81ada28,PM0079,,,Planta baja,0,,2026-02-19T11:50:14.230467+00:00,2026-02-18T11:45:28.249854+00:00
baaa81e3-01d9-4c93-9703-6ef738d4fd7f,PM0079-04,Unidad 4 en Nylva Homes (Manilva),unit,sold,2a898c8e-8018-4f5c-95d3-7011f81ada28,PM0079,,,Planta baja,0,,2026-02-19T11:50:14.314264+00:00,2026-02-18T11:45:28.249854+00:00
0bffb9b0-74a2-411f-82c6-3271b009454e,PM0079-05,Unidad 5 en Nylva Homes (Manilva),unit,available,2a898c8e-8018-4f5c-95d3-7011f81ada28,PM0079,,,Planta baja,0,,2026-02-19T11:50:14.424436+00:00,2026-02-18T11:45:28.249854+00:00
28658853-82aa-45ee-beb5-6b230fff4777,PM0079-06,Unidad 6 en Nylva Homes (Manilva),unit,available,2a898c8e-8018-4f5c-95d3-7011f81ada28,PM0079,,,Planta baja,0,,2026-02-19T11:50:14.510919+00:00,2026-02-18T11:45:28.249854+00:00
259383f8-205b-441a-b33c-f16864b6d5d4,PM0079-07,Unidad 7 en Nylva Homes (Manilva),unit,sold,2a898c8e-8018-4f5c-95d3-7011f81ada28,PM0079,,,Planta 1,1,,2026-02-19T11:50:14.602885+00:00,2026-02-18T11:45:28.249854+00:00
96ff91a0-1785-4e7f-abe8-78abfafc7145,PM0079-08,Unidad 8 en Nylva Homes (Manilva),unit,sold,2a898c8e-8018-4f5c-95d3-7011f81ada28,PM0079,,,Planta 1,1,,2026-02-19T11:50:14.685262+00:00,2026-02-18T11:45:28.249854+00:00
ce7a686e-8d5a-4df6-9d06-e424d08e621b,PM0079-09,Unidad 9 en Nylva Homes (Manilva),unit,sold,2a898c8e-8018-4f5c-95d3-7011f81ada28,PM0079,,,Planta 1,1,,2026-02-19T11:50:14.772408+00:00,2026-02-18T11:45:28.249854+00:00
5e77f7ca-c121-4c56-86d2-35dad8ccca76,PM0079-10,Unidad 10 en Nylva Homes (Manilva),unit,sold,2a898c8e-8018-4f5c-95d3-7011f81ada28,PM0079,,,Planta 1,1,,2026-02-19T11:50:14.870358+00:00,2026-02-18T11:45:28.249854+00:00
a168647e-b426-4150-a45e-bbe751934b5e,PM0079-11,Unidad 11 en Nylva Homes (Manilva),unit,sold,2a898c8e-8018-4f5c-95d3-7011f81ada28,PM0079,,,Planta 1,1,,2026-02-19T11:50:14.956897+00:00,2026-02-18T11:45:28.249854+00:00
61d2bf13-0ea1-4952-8160-bc23fc2feb62,PM0079-12,Unidad 12 en Nylva Homes (Manilva),unit,available,2a898c8e-8018-4f5c-95d3-7011f81ada28,PM0079,,,Planta 1,1,,2026-02-19T11:50:15.050814+00:00,2026-02-18T11:45:28.249854+00:00
38538e82-5301-4126-b608-b15ca92c7e25,PM0079-13,Unidad 13 en Nylva Homes (Manilva),unit,available,2a898c8e-8018-4f5c-95d3-7011f81ada28,PM0079,,,Atico duplex,2,,2026-02-19T11:50:15.142243+00:00,2026-02-18T11:45:28.249854+00:00
44f4d89c-1249-454d-a2ee-0f949f707054,PM0079-14,Unidad 14 en Nylva Homes (Manilva),unit,available,2a898c8e-8018-4f5c-95d3-7011f81ada28,PM0079,,,Atico duplex,2,,2026-02-19T11:50:15.249686+00:00,2026-02-18T11:45:28.249854+00:00
7bd80fe6-e034-4c85-9ce2-c822a7378660,PM0079-15,Unidad 15 en Nylva Homes (Manilva),unit,sold,2a898c8e-8018-4f5c-95d3-7011f81ada28,PM0079,,,Atico duplex,2,,2026-02-19T11:50:15.343888+00:00,2026-02-18T11:45:28.249854+00:00
cfc7ae4a-2bb6-4446-bed5-ad6088e3c760,PM0079-16,Unidad 16 en Nylva Homes (Manilva),unit,sold,2a898c8e-8018-4f5c-95d3-7011f81ada28,PM0079,,,Atico duplex,2,,2026-02-19T11:50:15.423437+00:00,2026-02-18T11:45:28.249854+00:00
e3f2119a-d406-49e5-b066-b79ee28aca4a,PM0079-17,Unidad 17 en Nylva Homes (Manilva),unit,sold,2a898c8e-8018-4f5c-95d3-7011f81ada28,PM0079,,,Atico duplex,2,,2026-02-19T11:50:15.522883+00:00,2026-02-18T11:45:28.249854+00:00
6dddde94-3481-41f3-983b-71a91833bba8,PM0079-18,Unidad 18 en Nylva Homes (Manilva),unit,available,2a898c8e-8018-4f5c-95d3-7011f81ada28,PM0079,,,Atico duplex,2,,2026-02-19T11:50:15.601348+00:00,2026-02-18T11:45:28.249854+00:00
9edbf057-2342-4ae1-b236-cb2584584605,PM0079-19,Unidad 19 en Nylva Homes (Manilva),unit,available,2a898c8e-8018-4f5c-95d3-7011f81ada28,PM0079,,,Planta baja,0,,2026-02-19T11:50:15.692954+00:00,2026-02-18T11:45:28.249854+00:00
c5f378e9-5635-4ca8-934f-e18318946b06,PM0079-20,Unidad 20 en Nylva Homes (Manilva),unit,available,2a898c8e-8018-4f5c-95d3-7011f81ada28,PM0079,,,Planta baja,0,,2026-02-19T11:50:15.778226+00:00,2026-02-18T11:45:28.249854+00:00
7a335361-f83e-43bc-9005-2e9297ca9553,PM0079-21,Unidad 21 en Nylva Homes (Manilva),unit,available,2a898c8e-8018-4f5c-95d3-7011f81ada28,PM0079,,,Planta baja,0,,2026-02-19T11:50:15.869443+00:00,2026-02-18T11:45:28.249854+00:00
78520a44-ef45-4b43-9c89-896982d14dc2,PM0079-22,Unidad 22 en Nylva Homes (Manilva),unit,available,2a898c8e-8018-4f5c-95d3-7011f81ada28,PM0079,,,Planta baja,0,,2026-02-19T11:50:15.959195+00:00,2026-02-18T11:45:28.249854+00:00
90e167ad-9474-4736-82a3-9cd5117d6725,PM0079-23,Unidad 23 en Nylva Homes (Manilva),unit,sold,2a898c8e-8018-4f5c-95d3-7011f81ada28,PM0079,,,Planta baja,0,,2026-02-19T11:50:16.047484+00:00,2026-02-18T11:45:28.249854+00:00
d2c5bce6-b9fd-44e7-a8ff-96113d88440f,PM0079-24,Unidad 24 en Nylva Homes (Manilva),unit,sold,2a898c8e-8018-4f5c-95d3-7011f81ada28,PM0079,,,Planta 1,1,,2026-02-19T11:50:16.126339+00:00,2026-02-18T11:45:28.249854+00:00
4be79ef5-4959-4ad7-8f0f-5422b34dd0be,PM0079-25,Unidad 25 en Nylva Homes (Manilva),unit,sold,2a898c8e-8018-4f5c-95d3-7011f81ada28,PM0079,,,Planta 1,1,,2026-02-19T11:50:16.216514+00:00,2026-02-18T11:45:28.249854+00:00
005fbd9c-de8f-4d85-af7a-1a896ee1e594,PM0079-26,Unidad 26 en Nylva Homes (Manilva),unit,sold,2a898c8e-8018-4f5c-95d3-7011f81ada28,PM0079,,,Planta 1,1,,2026-02-19T11:50:16.312486+00:00,2026-02-18T11:45:28.249854+00:00
06b95c87-ae52-484f-9ba0-e9b4deb5e0da,PM0079-27,Unidad 27 en Nylva Homes (Manilva),unit,sold,2a898c8e-8018-4f5c-95d3-7011f81ada28,PM0079,,,Planta 1,1,,2026-02-19T11:50:16.39772+00:00,2026-02-18T11:45:28.249854+00:00
82816421-e5e3-4b78-9436-cca816ffc6a2,PM0079-28,Unidad 28 en Nylva Homes (Manilva),unit,sold,2a898c8e-8018-4f5c-95d3-7011f81ada28,PM0079,,,Planta 1,1,,2026-02-19T11:50:16.477702+00:00,2026-02-18T11:45:28.249854+00:00
b7777ab8-3113-4a96-bcc2-a01b5b7ca928,PM0079-29,Unidad 29 en Nylva Homes (Manilva),unit,available,2a898c8e-8018-4f5c-95d3-7011f81ada28,PM0079,,,Atico duplex,2,,2026-02-19T11:50:16.58232+00:00,2026-02-18T11:45:28.249854+00:00
194a04eb-886f-49bd-95cb-b7e199f2cac3,PM0079-30,Unidad 30 en Nylva Homes (Manilva),unit,available,2a898c8e-8018-4f5c-95d3-7011f81ada28,PM0079,,,Atico duplex,2,,2026-02-19T11:50:16.678781+00:00,2026-02-18T11:45:28.249854+00:00
f598db5e-b9b8-4398-ba1d-3769921426c1,PM0079-31,Unidad 31 en Nylva Homes (Manilva),unit,available,2a898c8e-8018-4f5c-95d3-7011f81ada28,PM0079,,,Atico duplex,2,,2026-02-19T11:50:16.764871+00:00,2026-02-18T11:45:28.249854+00:00
4f5fcb9b-b60d-4c15-b336-1758274f60bd,PM0079-32,Unidad 32 en Nylva Homes (Manilva),unit,available,2a898c8e-8018-4f5c-95d3-7011f81ada28,PM0079,,,Atico duplex,2,,2026-02-19T11:50:16.846743+00:00,2026-02-18T11:45:28.249854+00:00
ac8f2bb3-af03-4eb9-8b96-15cb9a812655,PM0079-33,Unidad 33 en Nylva Homes (Manilva),unit,sold,2a898c8e-8018-4f5c-95d3-7011f81ada28,PM0079,,,Atico duplex,2,,2026-02-19T11:50:16.935123+00:00,2026-02-18T11:45:28.249854+00:00
e29e9abd-e794-45b1-81d8-8d7ba328603b,PM0079-34,Unidad 34 en Nylva Homes (Manilva),unit,available,2a898c8e-8018-4f5c-95d3-7011f81ada28,PM0079,,,Planta baja,0,,2026-02-19T11:50:17.010708+00:00,2026-02-18T11:45:28.249854+00:00
a09e1463-cf27-4750-abf9-2963445561d4,PM0079-35,Unidad 35 en Nylva Homes (Manilva),unit,available,2a898c8e-8018-4f5c-95d3-7011f81ada28,PM0079,,,Planta baja,0,,2026-02-19T11:50:17.164728+00:00,2026-02-18T11:45:28.249854+00:00
4bbed3b3-ee81-4f86-9fd8-52735d92a187,PM0079-36,Unidad 36 en Nylva Homes (Manilva),unit,sold,2a898c8e-8018-4f5c-95d3-7011f81ada28,PM0079,,,Planta baja,0,,2026-02-19T11:50:17.26132+00:00,2026-02-18T11:45:28.249854+00:00
f4ff22e6-94b1-40ae-94cc-586a4efa3415,PM0079-37,Unidad 37 en Nylva Homes (Manilva),unit,available,2a898c8e-8018-4f5c-95d3-7011f81ada28,PM0079,,,Planta baja,0,,2026-02-19T11:50:17.358863+00:00,2026-02-18T11:45:28.249854+00:00
59ad6a6b-c598-49f4-aae5-cd77690d67b0,PM0079-38,Unidad 38 en Nylva Homes (Manilva),unit,sold,2a898c8e-8018-4f5c-95d3-7011f81ada28,PM0079,,,Planta 1,1,,2026-02-19T11:50:17.434522+00:00,2026-02-18T11:45:28.249854+00:00
9d4d4ae3-b174-44b0-a29a-0e13b7303e6c,PM0079-39,Unidad 39 en Nylva Homes (Manilva),unit,sold,2a898c8e-8018-4f5c-95d3-7011f81ada28,PM0079,,,Planta 1,1,,2026-02-19T11:50:17.523583+00:00,2026-02-18T11:45:28.249854+00:00
4c9c7fb5-3abe-400d-a2fb-a4625797cf64,PM0079-40,Unidad 40 en Nylva Homes (Manilva),unit,sold,2a898c8e-8018-4f5c-95d3-7011f81ada28,PM0079,,,Planta 1,1,,2026-02-19T11:50:17.609615+00:00,2026-02-18T11:45:28.249854+00:00
e35dda1c-88ce-4a83-bdac-003106b1f8de,PM0079-41,Unidad 41 en Nylva Homes (Manilva),unit,sold,2a898c8e-8018-4f5c-95d3-7011f81ada28,PM0079,,,Planta 1,1,,2026-02-19T11:50:17.694831+00:00,2026-02-18T11:45:28.249854+00:00
afdfe94d-5e41-477f-bf07-1f69ff1fb840,PM0079-42,Unidad 42 en Nylva Homes (Manilva),unit,available,2a898c8e-8018-4f5c-95d3-7011f81ada28,PM0079,,,Atico duplex,2,,2026-02-19T11:50:17.784506+00:00,2026-02-18T11:45:28.249854+00:00
8e18c718-c39f-4760-a1c4-def0cfd273c0,PM0079-43,Unidad 43 en Nylva Homes (Manilva),unit,available,2a898c8e-8018-4f5c-95d3-7011f81ada28,PM0079,,,Atico duplex,2,,2026-02-19T11:50:17.888835+00:00,2026-02-18T11:45:28.249854+00:00
e86eab38-7e05-4c6c-aaed-82ed6e80de44,PM0079-44,Unidad 44 en Nylva Homes (Manilva),unit,sold,2a898c8e-8018-4f5c-95d3-7011f81ada28,PM0079,,,Atico duplex,2,,2026-02-19T11:50:17.977005+00:00,2026-02-18T11:45:28.249854+00:00
2cc2256f-f205-4695-af6a-7f16d399ccd2,PM0079-45,Unidad 45 en Nylva Homes (Manilva),unit,available,2a898c8e-8018-4f5c-95d3-7011f81ada28,PM0079,,,Atico duplex,2,,2026-02-19T11:50:18.063803+00:00,2026-02-18T11:45:28.249854+00:00
31eeade6-c4e8-4157-92b2-62feef14872a,PM0084,White Hills: obra nueva en Fuengirola - Mijas,project,available,,PM0084,,,,,,2026-02-19T12:32:13.509947+00:00,2026-02-18T11:45:28.385678+00:00
b63da893-b5e5-4a7c-af2e-5236e15229ba,PM0084-A1,Villa A1 en White Hills (Fuengirola - Mijas),unit,sold,31eeade6-c4e8-4157-92b2-62feef14872a,PM0084,,,Villa A1,0,,2026-02-19T11:50:18.264547+00:00,2026-02-18T11:45:28.249854+00:00
aedc2383-f104-4cac-a06a-f47245df5dac,PM0084-A2,Villa A2 en White Hills (Fuengirola - Mijas),unit,sold,31eeade6-c4e8-4157-92b2-62feef14872a,PM0084,,,Villa A2,0,,2026-02-19T11:50:18.34416+00:00,2026-02-18T11:45:28.249854+00:00
b879a008-5f3e-4880-ac29-c82d1a79e992,PM0084-A3,Villa A3 en White Hills (Fuengirola - Mijas),unit,available,31eeade6-c4e8-4157-92b2-62feef14872a,PM0084,,,Villa A3,0,,2026-02-19T11:50:18.431427+00:00,2026-02-18T11:45:28.249854+00:00
caf56cc4-f1c5-47fc-b438-3c3ace3fa992,PM0084-A4,Villa A4 en White Hills (Fuengirola - Mijas),unit,sold,31eeade6-c4e8-4157-92b2-62feef14872a,PM0084,,,Villa A4,0,,2026-02-19T11:50:18.531176+00:00,2026-02-18T11:45:28.249854+00:00
c814cde0-b57b-4e40-b53e-c160c23e1490,PM0084-A5,Villa A5 en White Hills (Fuengirola - Mijas),unit,available,31eeade6-c4e8-4157-92b2-62feef14872a,PM0084,,,Villa A5,0,,2026-02-19T11:50:18.631023+00:00,2026-02-18T11:45:28.249854+00:00
2c7c9476-92df-458c-9c39-63b488bef4e2,PM0084-A6,Villa A6 en White Hills (Fuengirola - Mijas),unit,available,31eeade6-c4e8-4157-92b2-62feef14872a,PM0084,,,Villa A6,0,,2026-02-19T11:50:18.717143+00:00,2026-02-18T11:45:28.249854+00:00
112b85f4-30b2-4078-baf9-77d69f7174f8,PM0084-B1,Villa B1 en White Hills (Fuengirola - Mijas),unit,available,31eeade6-c4e8-4157-92b2-62feef14872a,PM0084,,,Villa B1,0,,2026-02-19T11:50:18.802816+00:00,2026-02-18T11:45:28.249854+00:00
67a296a9-4842-4164-ab46-105ebf4b6c58,PM0084-B2,Villa B2 en White Hills (Fuengirola - Mijas),unit,available,31eeade6-c4e8-4157-92b2-62feef14872a,PM0084,,,Villa B2,0,,2026-02-19T11:50:18.880378+00:00,2026-02-18T11:45:28.249854+00:00
58456da7-f6e2-4dc0-b095-7a3073963670,PM0084-B3,Villa B3 en White Hills (Fuengirola - Mijas),unit,available,31eeade6-c4e8-4157-92b2-62feef14872a,PM0084,,,Villa B3,0,,2026-02-19T11:50:18.964269+00:00,2026-02-18T11:45:28.249854+00:00
cd326703-fdca-4fe8-a63e-b95297d25914,PM0084-B4,Villa B4 en White Hills (Fuengirola - Mijas),unit,available,31eeade6-c4e8-4157-92b2-62feef14872a,PM0084,,,Villa B4,0,,2026-02-19T11:50:19.043416+00:00,2026-02-18T11:45:28.249854+00:00
d06ef7ea-1045-4534-a7f2-59c15394a2f5,PM0084-B5,Villa B5 en White Hills (Fuengirola - Mijas),unit,available,31eeade6-c4e8-4157-92b2-62feef14872a,PM0084,,,Villa B5,0,,2026-02-19T11:50:19.135938+00:00,2026-02-18T11:45:28.249854+00:00
857741b2-9324-409b-a7c5-027a3a8d305c,PM0084-B6,Villa B6 en White Hills (Fuengirola - Mijas),unit,available,31eeade6-c4e8-4157-92b2-62feef14872a,PM0084,,,Villa B6,0,,2026-02-19T11:50:19.215349+00:00,2026-02-18T11:45:28.385678+00:00
